Time [yyyy-MM-dd HH:mm:ss];903.00_IJ: Water level at (IJssel03_A_ 919)_ Flow1D [m AD];922.00_IJ: Water level at (IJssel03_B_B_A_ 0)_ Flow1D [m AD];932.00_IJ: Water level at (IJssel04_B_ 0)_ Flow1D [m AD];940.00_IJ: Water level at (IJssel05_B_ 0)_ Flow1D [m AD];947.00_IJ: Water level at (IJssel06_B_B_B_A_ 0)_ Flow1D [m AD]
29-12-99 00:00;8.7748;6.1;6.62;6.0595;5.3602
29-12-99 01:00;8.6407;7.1029;6.5842;5.8856;5.1393
29-12-99 02:00;8.5623;7.2355;6.535;5.824;5.1128
29-12-99 03:00;8.5036;7.2786;6.5094;5.7861;5.093
29-12-99 04:00;8.4506;7.2878;6.4909;5.7615;5.0743
29-12-99 05:00;8.4012;7.2801;6.4745;5.7437;5.0575
29-12-99 06:00;8.3554;7.2628;6.4579;5.7291;5.0424
29-12-99 07:00;8.3131;7.2403;6.4402;5.716;5.0284
29-12-99 08:00;8.2738;7.2148;6.4211;5.703;5.0152
29-12-99 09:00;8.2376;7.1877;6.4006;5.6897;5.0022
29-12-99 10:00;8.2044;7.1597;6.3788;5.6749;4.9892
29-12-99 11:00;8.1738;7.1315;6.3566;5.6588;4.9758
29-12-99 12:00;8.1457;7.1039;6.3342;5.6418;4.9619
29-12-99 13:00;8.1198;7.0772;6.3116;5.6241;4.9478
29-12-99 14:00;8.0959;7.0514;6.289;5.6059;4.9333
29-12-99 15:00;8.074;7.0266;6.2665;5.5871;4.9185
29-12-99 16:00;8.0537;7.0027;6.2441;5.5681;4.9033
29-12-99 17:00;8.035;6.9798;6.222;5.5489;4.8878
29-12-99 18:00;8.0176;6.9579;6.2002;5.5296;4.8722
29-12-99 19:00;8.0015;6.9368;6.1788;5.5104;4.8562
29-12-99 20:00;7.9864;6.9166;6.1579;5.4911;4.8402
29-12-99 21:00;7.9724;6.8972;6.1374;5.472;4.8241
29-12-99 22:00;7.9592;6.8786;6.1173;5.453;4.8078
29-12-99 23:00;7.9468;6.8607;6.0978;5.4342;4.7915
30-12-99 00:00;7.9351;6.8433;6.0787;5.4156;4.7754
30-12-99 01:00;7.924;6.8266;6.0601;5.3973;4.7592
30-12-99 02:00;7.9135;6.8106;6.0419;5.3792;4.7431
30-12-99 03:00;7.9035;6.7953;6.024;5.3614;4.7271
30-12-99 04:00;7.8941;6.7806;6.0066;5.3439;4.7111
30-12-99 05:00;7.8851;6.7666;5.9897;5.3268;4.6951
30-12-99 06:00;7.8766;6.7532;5.9733;5.3101;4.6793
30-12-99 07:00;7.8685;6.7403;5.9575;5.2938;4.6639
30-12-99 08:00;7.8607;6.728;5.9422;5.2778;4.6487
30-12-99 09:00;7.8533;6.7162;5.9275;5.2623;4.6338
30-12-99 10:00;7.8462;6.7048;5.9133;5.2472;4.6191
30-12-99 11:00;7.8394;6.694;5.8997;5.2325;4.6047
30-12-99 12:00;7.833;6.6835;5.8865;5.2182;4.5903
30-12-99 13:00;7.8267;6.6735;5.8737;5.2042;4.5761
30-12-99 14:00;7.8208;6.6639;5.8613;5.1906;4.562
30-12-99 15:00;7.8151;6.6546;5.8494;5.1772;4.548
30-12-99 16:00;7.8096;6.6456;5.8378;5.1642;4.5342
30-12-99 17:00;7.8043;6.637;5.8265;5.1514;4.5206
30-12-99 18:00;7.7992;6.6286;5.8156;5.139;4.5071
30-12-99 19:00;7.7943;6.6206;5.805;5.1268;4.4938
30-12-99 20:00;7.7895;6.6128;5.7947;5.1149;4.4806
30-12-99 21:00;7.785;6.6052;5.7847;5.1033;4.4677
30-12-99 22:00;7.7805;6.598;5.7749;5.0919;4.4549
30-12-99 23:00;7.7763;6.5909;5.7654;5.0808;4.4423
31-12-99 00:00;7.7721;6.5841;5.7562;5.0698;4.43
31-12-99 01:00;7.7681;6.5774;5.7472;5.0592;4.4179
31-12-99 02:00;7.7643;6.5709;5.7385;5.0488;4.4061
31-12-99 03:00;7.7605;6.5647;5.7299;5.0386;4.3945
31-12-99 04:00;7.7568;6.5586;5.7216;5.0287;4.3833
31-12-99 05:00;7.7533;6.5526;5.7136;5.0191;4.3724
31-12-99 06:00;7.7499;6.5469;5.7057;5.0097;4.3618
31-12-99 07:00;7.7465;6.5413;5.6981;5.0006;4.3517
31-12-99 08:00;7.7433;6.5359;5.6907;4.9919;4.3418
31-12-99 09:00;7.7401;6.5306;5.6835;4.9834;4.3324
31-12-99 10:00;7.737;6.5255;5.6765;4.9752;4.3232
31-12-99 11:00;7.734;6.5205;5.6698;4.9673;4.3144
31-12-99 12:00;7.7311;6.5157;5.6633;4.9596;4.3059
31-12-99 13:00;7.7283;6.5111;5.657;4.9523;4.2977
31-12-99 14:00;7.7256;6.5066;5.6509;4.9452;4.2899
31-12-99 15:00;7.7229;6.5023;5.645;4.9384;4.2823
31-12-99 16:00;7.7203;6.4981;5.6393;4.9319;4.2751
31-12-99 17:00;7.7178;6.4941;5.6339;4.9257;4.2681
31-12-99 18:00;7.7154;6.4902;5.6286;4.9197;4.2614
31-12-99 19:00;7.7131;6.4865;5.6236;4.9139;4.255
31-12-99 20:00;7.7108;6.4829;5.6187;4.9084;4.2488
31-12-99 21:00;7.7086;6.4795;5.6141;4.9031;4.2428
31-12-99 22:00;7.7065;6.4761;5.6096;4.898;4.2372
31-12-99 23:00;7.7045;6.4729;5.6053;4.8931;4.2317
01-01-00 00:00;7.7025;6.4698;5.6011;4.8884;4.2264
01-01-00 01:00;7.7006;6.4668;5.5972;4.8838;4.2214
01-01-00 02:00;7.6987;6.464;5.5934;4.8794;4.2166
01-01-00 03:00;7.6969;6.4612;5.5897;4.8752;4.2119
01-01-00 04:00;7.6952;6.4586;5.5862;4.8712;4.2074
01-01-00 05:00;7.6936;6.456;5.5828;4.8673;4.2031
01-01-00 06:00;7.6919;6.4536;5.5796;4.8636;4.199
01-01-00 07:00;7.6904;6.4512;5.5765;4.86;4.195
01-01-00 08:00;7.6888;6.4489;5.5735;4.8566;4.1912
01-01-00 09:00;7.6874;6.4467;5.5706;4.8533;4.1876
01-01-00 10:00;7.6859;6.4446;5.5679;4.8501;4.1841
01-01-00 11:00;7.6845;6.4425;5.5652;4.847;4.1807
01-01-00 12:00;7.6831;6.4405;5.5626;4.8441;4.1775
01-01-00 13:00;7.6818;6.4386;5.5602;4.8413;4.1744
01-01-00 14:00;7.6805;6.4368;5.5578;4.8386;4.1714
01-01-00 15:00;7.6792;6.4351;5.5555;4.836;4.1686
01-01-00 16:00;7.678;6.4334;5.5533;4.8335;4.1659
01-01-00 17:00;7.6768;6.4318;5.5512;4.8311;4.1633
01-01-00 18:00;7.6757;6.4302;5.5492;4.8289;4.1608
01-01-00 19:00;7.6745;6.4287;5.5473;4.8267;4.1584
01-01-00 20:00;7.6734;6.4272;5.5454;4.8246;4.1561
01-01-00 21:00;7.6724;6.4258;5.5436;4.8226;4.1539
01-01-00 22:00;7.6713;6.4245;5.5419;4.8206;4.1518
01-01-00 23:00;7.6703;6.4231;5.5403;4.8188;4.1498
02-01-00 00:00;7.6693;6.4219;5.5387;4.817;4.1479
02-01-00 01:00;7.6683;6.4207;5.5372;4.8153;4.1461
02-01-00 02:00;7.6674;6.4195;5.5357;4.8137;4.1443
02-01-00 03:00;7.6665;6.4183;5.5343;4.8121;4.1426
02-01-00 04:00;7.6656;6.4172;5.5329;4.8106;4.141
02-01-00 05:00;7.6647;6.4162;5.5316;4.8091;4.1394
02-01-00 06:00;7.6638;6.4151;5.5303;4.8077;4.1379
02-01-00 07:00;7.6629;6.4141;5.5291;4.8064;4.1365
02-01-00 08:00;7.662;6.4131;5.5279;4.8051;4.1351
02-01-00 09:00;7.661;6.4121;5.5268;4.8038;4.1338
02-01-00 10:00;7.6601;6.4111;5.5257;4.8026;4.1325
02-01-00 11:00;7.6592;6.4102;5.5246;4.8015;4.1313
02-01-00 12:00;7.6583;6.4093;5.5235;4.8003;4.1301
02-01-00 13:00;7.6574;6.4084;5.5225;4.7993;4.129
02-01-00 14:00;7.6565;6.4077;5.5216;4.7984;4.1281
02-01-00 15:00;7.6556;6.4071;5.5208;4.7976;4.1272
02-01-00 16:00;7.6548;6.4065;5.52;4.7969;4.1265
02-01-00 17:00;7.6539;6.406;5.5194;4.7963;4.1258
02-01-00 18:00;7.6534;6.4055;5.5188;4.7958;4.1252
02-01-00 19:00;7.6532;6.4052;5.5183;4.7953;4.1247
02-01-00 20:00;7.6533;6.4051;5.5179;4.795;4.1243
02-01-00 21:00;7.6537;6.4051;5.5176;4.7947;4.124
02-01-00 22:00;7.6542;6.4054;5.5175;4.7946;4.1237
02-01-00 23:00;7.655;6.4059;5.5175;4.7945;4.1236
03-01-00 00:00;7.6558;6.4065;5.5177;4.7947;4.1236
03-01-00 01:00;7.6569;6.4072;5.518;4.7949;4.1237
03-01-00 02:00;7.658;6.4081;5.5184;4.7952;4.1238
03-01-00 03:00;7.6593;6.4091;5.519;4.7957;4.1241
03-01-00 04:00;7.6608;6.4103;5.5197;4.7963;4.1245
03-01-00 05:00;7.6624;6.4116;5.5206;4.7971;4.125
03-01-00 06:00;7.6643;6.4131;5.5216;4.7979;4.1257
03-01-00 07:00;7.6663;6.4147;5.5227;4.7989;4.1264
03-01-00 08:00;7.6685;6.4165;5.5239;4.8;4.1272
03-01-00 09:00;7.6709;6.4185;5.5253;4.8012;4.1282
03-01-00 10:00;7.6736;6.4206;5.5268;4.8026;4.1292
03-01-00 11:00;7.6764;6.4229;5.5285;4.804;4.1304
03-01-00 12:00;7.6794;6.4253;5.5303;4.8057;4.1317
03-01-00 13:00;7.6827;6.4281;5.5323;4.8075;4.1332
03-01-00 14:00;7.6862;6.4312;5.5348;4.8097;4.1349
03-01-00 15:00;7.69;6.4348;5.5379;4.8122;4.1369
03-01-00 16:00;7.694;6.4387;5.5417;4.8153;4.1392
03-01-00 17:00;7.6983;6.4431;5.5461;4.8189;4.1418
03-01-00 18:00;7.7028;6.4479;5.551;4.8229;4.1448
03-01-00 19:00;7.7076;6.453;5.5563;4.8273;4.1481
03-01-00 20:00;7.7126;6.4585;5.5621;4.8322;4.1519
03-01-00 21:00;7.7179;6.4643;5.5683;4.8374;4.1559
03-01-00 22:00;7.7234;6.4704;5.5748;4.843;4.1603
03-01-00 23:00;7.7291;6.4767;5.5816;4.849;4.1651
04-01-00 00:00;7.7349;6.4833;5.5887;4.8553;4.1701
04-01-00 01:00;7.7409;6.4902;5.5961;4.8618;4.1755
04-01-00 02:00;7.747;6.4972;5.6038;4.8687;4.1811
04-01-00 03:00;7.7532;6.5044;5.6118;4.8758;4.187
04-01-00 04:00;7.7595;6.5118;5.62;4.8831;4.1932
04-01-00 05:00;7.766;6.5194;5.6284;4.8906;4.1996
04-01-00 06:00;7.7726;6.5271;5.637;4.8983;4.2062
04-01-00 07:00;7.7792;6.535;5.6458;4.9061;4.213
04-01-00 08:00;7.786;6.5431;5.6548;4.9142;4.22
04-01-00 09:00;7.7929;6.5513;5.6639;4.9224;4.2271
04-01-00 10:00;7.8;6.5596;5.6731;4.9308;4.2345
04-01-00 11:00;7.8071;6.5681;5.6826;4.9394;4.242
04-01-00 12:00;7.8144;6.5767;5.6921;4.9481;4.2497
04-01-00 13:00;7.8218;6.5853;5.7018;4.9569;4.2576
04-01-00 14:00;7.8292;6.5939;5.7117;4.9659;4.2656
04-01-00 15:00;7.8367;6.6025;5.7216;4.975;4.2737
04-01-00 16:00;7.8443;6.6113;5.7316;4.9842;4.2819
04-01-00 17:00;7.852;6.6201;5.7417;4.9934;4.2902
04-01-00 18:00;7.8599;6.629;5.7521;5.0029;4.2986
04-01-00 19:00;7.8678;6.6381;5.7626;5.0124;4.3072
04-01-00 20:00;7.8759;6.6473;5.7733;5.0221;4.3158
04-01-00 21:00;7.884;6.6566;5.7839;5.0319;4.3246
04-01-00 22:00;7.8922;6.666;5.7944;5.0417;4.3334
04-01-00 23:00;7.9005;6.6753;5.8049;5.0515;4.3423
05-01-00 00:00;7.9088;6.6847;5.8153;5.0613;4.3513
05-01-00 01:00;7.9172;6.694;5.8257;5.0711;4.3603
05-01-00 02:00;7.9256;6.7034;5.8361;5.0809;4.3694
05-01-00 03:00;7.9341;6.7128;5.8465;5.0907;4.3784
05-01-00 04:00;7.9425;6.7222;5.8569;5.1005;4.3876
05-01-00 05:00;7.9511;6.7316;5.8674;5.1103;4.3967
05-01-00 06:00;7.9596;6.7411;5.878;5.1203;4.4058
05-01-00 07:00;7.9682;6.7507;5.8887;5.1302;4.415
05-01-00 08:00;7.9768;6.7602;5.8993;5.1402;4.4243
05-01-00 09:00;7.9854;6.7699;5.9101;5.1502;4.4335
05-01-00 10:00;7.9938;6.7795;5.9208;5.1603;4.4428
05-01-00 11:00;8.0022;6.7891;5.9317;5.1704;4.4521
05-01-00 12:00;8.0104;6.7987;5.9426;5.1804;4.4615
05-01-00 13:00;8.0185;6.8082;5.9534;5.1905;4.4708
05-01-00 14:00;8.0266;6.8175;5.9643;5.2006;4.4802
05-01-00 15:00;8.0345;6.8269;5.9752;5.2107;4.4896
05-01-00 16:00;8.0424;6.8361;5.9861;5.2207;4.4989
05-01-00 17:00;8.0502;6.8454;5.9971;5.2308;4.5082
05-01-00 18:00;8.058;6.8549;6.008;5.2409;4.5174
05-01-00 19:00;8.0657;6.8644;6.0188;5.2509;4.5266
05-01-00 20:00;8.0734;6.8738;6.0296;5.2609;4.5358
05-01-00 21:00;8.0811;6.8832;6.0404;5.2709;4.5449
05-01-00 22:00;8.0887;6.8926;6.0512;5.2809;4.5539
05-01-00 23:00;8.0962;6.9019;6.0619;5.2909;4.5628
06-01-00 00:00;8.1037;6.9111;6.0724;5.3009;4.5717
06-01-00 01:00;8.1112;6.9203;6.0828;5.3107;4.5805
06-01-00 02:00;8.1186;6.9293;6.0931;5.3204;4.5893
06-01-00 03:00;8.126;6.9382;6.1033;5.3301;4.5979
06-01-00 04:00;8.1334;6.9471;6.1134;5.3396;4.6065
06-01-00 05:00;8.141;6.9559;6.1235;5.349;4.615
06-01-00 06:00;8.1487;6.9647;6.1334;5.3584;4.6234
06-01-00 07:00;8.1567;6.9736;6.1433;5.3678;4.6318
06-01-00 08:00;8.1648;6.9824;6.1532;5.3772;4.64
06-01-00 09:00;8.1732;6.9913;6.1631;5.3865;4.6481
06-01-00 10:00;8.1818;7.0003;6.173;5.3958;4.6562
06-01-00 11:00;8.1906;7.0094;6.183;5.405;4.6642
06-01-00 12:00;8.1997;7.0186;6.1929;5.4143;4.6721
06-01-00 13:00;8.209;7.0279;6.2029;5.4235;4.68
06-01-00 14:00;8.2187;7.0373;6.213;5.4327;4.6878
06-01-00 15:00;8.2286;7.0469;6.2231;5.4419;4.6956
06-01-00 16:00;8.2388;7.0566;6.2333;5.4511;4.7034
06-01-00 17:00;8.2493;7.0665;6.2435;5.4603;4.7112
06-01-00 18:00;8.26;7.0765;6.2539;5.4695;4.719
06-01-00 19:00;8.2708;7.0867;6.2643;5.4788;4.7269
06-01-00 20:00;8.2819;7.0969;6.2748;5.4882;4.7349
06-01-00 21:00;8.2931;7.1073;6.2854;5.4976;4.743
06-01-00 22:00;8.3044;7.1179;6.296;5.5071;4.7511
06-01-00 23:00;8.3159;7.1286;6.3068;5.5166;4.7593
07-01-00 00:00;8.3275;7.1396;6.3181;5.5263;4.7677
07-01-00 01:00;8.3392;7.1508;6.3301;5.5362;4.7763
07-01-00 02:00;8.3512;7.1624;6.343;5.5465;4.7851
07-01-00 03:00;8.3634;7.1743;6.3565;5.5572;4.7942
07-01-00 04:00;8.3759;7.1866;6.3705;5.5683;4.8036
07-01-00 05:00;8.3887;7.1993;6.3851;5.5798;4.8135
07-01-00 06:00;8.4017;7.2123;6.4;5.5918;4.8238
07-01-00 07:00;8.415;7.2255;6.4145;5.6041;4.8344
07-01-00 08:00;8.4286;7.2387;6.4286;5.6167;4.8452
07-01-00 09:00;8.4426;7.252;6.4422;5.6292;4.8564
07-01-00 10:00;8.4569;7.2653;6.4556;5.6413;4.8678
07-01-00 11:00;8.4715;7.2786;6.469;5.6532;4.8793
07-01-00 12:00;8.4863;7.2921;6.483;5.6643;4.8909
07-01-00 13:00;8.5013;7.3057;6.4971;5.6745;4.9022
07-01-00 14:00;8.5163;7.3193;6.5108;5.6845;4.9131
07-01-00 15:00;8.5315;7.3328;6.5238;5.6944;4.9239
07-01-00 16:00;8.5465;7.3461;6.5359;5.7041;4.9346
07-01-00 17:00;8.5615;7.3591;6.5473;5.7135;4.9453
07-01-00 18:00;8.5764;7.3718;6.558;5.7226;4.9558
07-01-00 19:00;8.5913;7.3842;6.5682;5.7315;4.9662
07-01-00 20:00;8.6061;7.3964;6.578;5.7402;4.9766
07-01-00 21:00;8.6209;7.4082;6.5869;5.7485;4.9868
07-01-00 22:00;8.6357;7.4197;6.595;5.7565;4.9969
07-01-00 23:00;8.6504;7.4309;6.6023;5.7641;5.007
08-01-00 00:00;8.6649;7.4416;6.609;5.7713;5.0168
08-01-00 01:00;8.6794;7.452;6.6153;5.7781;5.0264
08-01-00 02:00;8.694;7.4618;6.6211;5.7846;5.0358
08-01-00 03:00;8.7085;7.4714;6.6266;5.7907;5.0448
08-01-00 04:00;8.7229;7.4808;6.6323;5.7967;5.0537
08-01-00 05:00;8.7372;7.4901;6.6382;5.8025;5.0623
08-01-00 06:00;8.7514;7.4994;6.6443;5.8085;5.0708
08-01-00 07:00;8.7655;7.5087;6.6505;5.8144;5.0793
08-01-00 08:00;8.7796;7.518;6.6567;5.8203;5.0877
08-01-00 09:00;8.7938;7.5273;6.6628;5.8262;5.0961
08-01-00 10:00;8.8081;7.5366;6.6691;5.8321;5.1044
08-01-00 11:00;8.8224;7.5459;6.6753;5.838;5.1127
08-01-00 12:00;8.8368;7.5553;6.6815;5.8439;5.1209
08-01-00 13:00;8.8512;7.5647;6.6877;5.8497;5.129
08-01-00 14:00;8.8656;7.5742;6.6938;5.8555;5.137
08-01-00 15:00;8.8801;7.5836;6.7;5.8612;5.1448
08-01-00 16:00;8.8945;7.5931;6.7061;5.8668;5.1524
08-01-00 17:00;8.909;7.6025;6.7122;5.8724;5.16
08-01-00 18:00;8.9235;7.612;6.7182;5.8779;5.1673
08-01-00 19:00;8.9379;7.6214;6.7242;5.8833;5.1745
08-01-00 20:00;8.9523;7.6308;6.7302;5.8886;5.1816
08-01-00 21:00;8.9668;7.6402;6.736;5.8939;5.1885
08-01-00 22:00;8.9811;7.6496;6.7419;5.899;5.1952
08-01-00 23:00;8.9954;7.659;6.7476;5.9041;5.2018
09-01-00 00:00;9.0095;7.6684;6.7533;5.9091;5.2082
09-01-00 01:00;9.0236;7.6777;6.7591;5.914;5.2145
09-01-00 02:00;9.0376;7.6868;6.7649;5.9189;5.2206
09-01-00 03:00;9.0516;7.6959;6.7706;5.9238;5.2266
09-01-00 04:00;9.0656;7.7049;6.7764;5.9287;5.2324
09-01-00 05:00;9.0795;7.714;6.7821;5.9335;5.2382
09-01-00 06:00;9.0934;7.7232;6.7879;5.9383;5.2439
09-01-00 07:00;9.1074;7.7324;6.7936;5.943;5.2495
09-01-00 08:00;9.1214;7.7417;6.7993;5.9477;5.2549
09-01-00 09:00;9.1355;7.751;6.8051;5.9524;5.2604
09-01-00 10:00;9.1496;7.7603;6.8108;5.957;5.2657
09-01-00 11:00;9.1638;7.7697;6.8165;5.9616;5.271
09-01-00 12:00;9.178;7.7791;6.8223;5.9663;5.2762
09-01-00 13:00;9.1923;7.7886;6.828;5.9709;5.2813
09-01-00 14:00;9.2067;7.7981;6.8338;5.9756;5.2864
09-01-00 15:00;9.2212;7.8077;6.8395;5.9802;5.2915
09-01-00 16:00;9.2359;7.8175;6.8452;5.9848;5.2965
09-01-00 17:00;9.2506;7.8274;6.8509;5.9893;5.3014
09-01-00 18:00;9.2654;7.8374;6.8567;5.9938;5.3063
09-01-00 19:00;9.2802;7.8475;6.8624;5.9984;5.3111
09-01-00 20:00;9.2951;7.8576;6.8682;6.0029;5.3159
09-01-00 21:00;9.3101;7.8678;6.8741;6.0074;5.3206
09-01-00 22:00;9.325;7.878;6.8799;6.012;5.3253
09-01-00 23:00;9.3397;7.8883;6.8857;6.0166;5.33
10-01-00 00:00;9.3544;7.8985;6.8916;6.0212;5.3347
10-01-00 01:00;9.3689;7.9087;6.8974;6.0258;5.3394
10-01-00 02:00;9.3832;7.9188;6.9033;6.0305;5.3441
10-01-00 03:00;9.3974;7.9288;6.9091;6.0351;5.3487
10-01-00 04:00;9.4115;7.9388;6.9149;6.0397;5.3534
10-01-00 05:00;9.4258;7.9487;6.9207;6.0443;5.358
10-01-00 06:00;9.4402;7.9587;6.9265;6.049;5.3625
10-01-00 07:00;9.4548;7.9686;6.9323;6.0536;5.3671
10-01-00 08:00;9.4695;7.9786;6.9382;6.0582;5.3716
10-01-00 09:00;9.4844;7.9886;6.944;6.0628;5.3761
10-01-00 10:00;9.4995;7.9987;6.9498;6.0673;5.3805
10-01-00 11:00;9.5148;8.0088;6.9557;6.0719;5.385
10-01-00 12:00;9.5303;8.0191;6.9616;6.0766;5.3894
10-01-00 13:00;9.5459;8.0295;6.9675;6.0812;5.3938
10-01-00 14:00;9.5618;8.04;6.9734;6.0858;5.3983
10-01-00 15:00;9.5778;8.0505;6.9794;6.0905;5.4027
10-01-00 16:00;9.5939;8.0611;6.9855;6.0952;5.4071
10-01-00 17:00;9.61;8.0717;6.9915;6.1;5.4115
10-01-00 18:00;9.6263;8.0824;6.9977;6.1048;5.4159
10-01-00 19:00;9.6426;8.0931;7.0038;6.1096;5.4203
10-01-00 20:00;9.6589;8.1039;7.01;6.1145;5.4247
10-01-00 21:00;9.6753;8.1147;7.0163;6.1194;5.4291
10-01-00 22:00;9.6915;8.1256;7.0225;6.1242;5.4336
10-01-00 23:00;9.708;8.1362;7.0287;6.1291;5.438
11-01-00 00:00;9.7249;8.1463;7.0349;6.1341;5.4424
11-01-00 01:00;9.7421;8.1563;7.041;6.1391;5.4468
11-01-00 02:00;9.7596;8.1661;7.047;6.1441;5.4511
11-01-00 03:00;9.7771;8.176;7.0529;6.1491;5.4555
11-01-00 04:00;9.7949;8.1858;7.0589;6.1542;5.4598
11-01-00 05:00;9.8127;8.1957;7.065;6.1592;5.4641
11-01-00 06:00;9.8305;8.2057;7.0711;6.1644;5.4684
11-01-00 07:00;9.8482;8.2157;7.0773;6.1696;5.4727
11-01-00 08:00;9.8649;8.2257;7.0837;6.1749;5.477
11-01-00 09:00;9.881;8.2356;7.0901;6.1803;5.4813
11-01-00 10:00;9.8965;8.2452;7.0967;6.1857;5.4856
11-01-00 11:00;9.9117;8.2547;7.1032;6.1913;5.49
11-01-00 12:00;9.9267;8.2639;7.1098;6.1969;5.4943
11-01-00 13:00;9.9413;8.2728;7.1164;6.2026;5.4987
11-01-00 14:00;9.9556;8.2816;7.1229;6.2083;5.503
11-01-00 15:00;9.9697;8.2901;7.1294;6.214;5.5074
11-01-00 16:00;9.9835;8.2984;7.1359;6.2197;5.5117
11-01-00 17:00;9.997;8.3065;7.1423;6.2254;5.516
11-01-00 18:00;10.01;8.3144;7.1486;6.2311;5.5203
11-01-00 19:00;10.023;8.3221;7.1548;6.2367;5.5244
11-01-00 20:00;10.036;8.3297;7.161;6.2423;5.5286
11-01-00 21:00;10.049;8.3371;7.1671;6.2478;5.5327
11-01-00 22:00;10.062;8.3444;7.1732;6.2533;5.5367
11-01-00 23:00;10.076;8.3516;7.1792;6.2588;5.5407
12-01-00 00:00;10.088;8.3586;7.1851;6.2642;5.5447
12-01-00 01:00;10.101;8.3656;7.1911;6.2696;5.5486
12-01-00 02:00;10.114;8.3723;7.1969;6.275;5.5525
12-01-00 03:00;10.127;8.3788;7.2027;6.2803;5.5565
12-01-00 04:00;10.14;8.3853;7.2084;6.2855;5.5603
12-01-00 05:00;10.153;8.3917;7.2141;6.2908;5.5642
12-01-00 06:00;10.167;8.3982;7.2197;6.296;5.5681
12-01-00 07:00;10.18;8.4047;7.2254;6.3012;5.5719
12-01-00 08:00;10.194;8.4114;7.2311;6.3064;5.5757
12-01-00 09:00;10.207;8.4185;7.237;6.3117;5.5796
12-01-00 10:00;10.22;8.426;7.2431;6.317;5.5835
12-01-00 11:00;10.233;8.434;7.2497;6.3225;5.5875
12-01-00 12:00;10.245;8.4424;7.2566;6.3283;5.5916
12-01-00 13:00;10.256;8.451;7.2639;6.3344;5.5959
12-01-00 14:00;10.267;8.4598;7.2717;6.3409;5.6001
12-01-00 15:00;10.279;8.4687;7.2798;6.348;5.6048
12-01-00 16:00;10.29;8.4779;7.2883;6.3552;5.6096
12-01-00 17:00;10.3;8.4873;7.2971;6.3627;5.6147
12-01-00 18:00;10.311;8.4968;7.3062;6.3704;5.62
12-01-00 19:00;10.321;8.5066;7.3157;6.3784;5.6256
12-01-00 20:00;10.33;8.5165;7.3254;6.3868;5.6313
12-01-00 21:00;10.34;8.5265;7.3355;6.3955;5.6374
12-01-00 22:00;10.349;8.5366;7.3459;6.4044;5.6437
12-01-00 23:00;10.358;8.5467;7.3564;6.4137;5.6504
13-01-00 00:00;10.366;8.5568;7.3672;6.4232;5.6574
13-01-00 01:00;10.375;8.5668;7.3781;6.433;5.6647
13-01-00 02:00;10.383;8.5768;7.3892;6.443;5.6722
13-01-00 03:00;10.39;8.5867;7.4004;6.4532;5.6799
13-01-00 04:00;10.398;8.5964;7.4116;6.4636;5.6879
13-01-00 05:00;10.405;8.606;7.4229;6.4742;5.6962
13-01-00 06:00;10.411;8.6154;7.4342;6.4849;5.7046
13-01-00 07:00;10.418;8.6247;7.4454;6.4956;5.7133
13-01-00 08:00;10.425;8.6338;7.4565;6.5064;5.7222
13-01-00 09:00;10.431;8.6427;7.4675;6.5173;5.7311
13-01-00 10:00;10.437;8.6516;7.4786;6.5283;5.7399
13-01-00 11:00;10.443;8.6602;7.4896;6.5394;5.7487
13-01-00 12:00;10.448;8.6688;7.5007;6.5505;5.7577
13-01-00 13:00;10.454;8.6772;7.5117;6.5617;5.7667
13-01-00 14:00;10.46;8.6855;7.5227;6.5729;5.7759
13-01-00 15:00;10.466;8.6938;7.5337;6.5843;5.7852
13-01-00 16:00;10.472;8.7021;7.5448;6.5957;5.7946
13-01-00 17:00;10.478;8.7106;7.556;6.6071;5.8042
13-01-00 18:00;10.484;8.7191;7.5674;6.6187;5.814
13-01-00 19:00;10.491;8.728;7.579;6.6303;5.824
13-01-00 20:00;10.498;8.7371;7.5908;6.6421;5.8342
13-01-00 21:00;10.505;8.7467;7.603;6.6538;5.8447
13-01-00 22:00;10.512;8.757;7.6157;6.6658;5.8554
13-01-00 23:00;10.519;8.7678;7.629;6.6781;5.8664
14-01-00 00:00;10.526;8.7792;7.6427;6.6911;5.8779
14-01-00 01:00;10.533;8.7911;7.6568;6.7047;5.89
14-01-00 02:00;10.541;8.8034;7.6714;6.719;5.9029
14-01-00 03:00;10.548;8.8161;7.6863;6.7337;5.9165
14-01-00 04:00;10.555;8.829;7.7016;6.7489;5.9308
14-01-00 05:00;10.562;8.8422;7.7172;6.7646;5.9458
14-01-00 06:00;10.568;8.8554;7.7332;6.7807;5.9616
14-01-00 07:00;10.574;8.8688;7.7493;6.7972;5.9781
14-01-00 08:00;10.58;8.8822;7.7656;6.814;5.9954
14-01-00 09:00;10.586;8.8955;7.782;6.8312;6.0133
14-01-00 10:00;10.591;8.9087;7.7983;6.8485;6.0316
14-01-00 11:00;10.597;8.9216;7.8144;6.8659;6.0503
14-01-00 12:00;10.602;8.9344;7.8306;6.8834;6.0695
14-01-00 13:00;10.607;8.9468;7.8467;6.9011;6.0892
14-01-00 14:00;10.612;8.959;7.8626;6.9189;6.1093
14-01-00 15:00;10.617;8.9712;7.8782;6.9368;6.1297
14-01-00 16:00;10.622;8.9832;7.8934;6.9548;6.1504
14-01-00 17:00;10.626;8.9951;7.9082;6.9727;6.1713
14-01-00 18:00;10.631;9.007;7.9227;6.9906;6.1924
14-01-00 19:00;10.635;9.0191;7.937;7.0085;6.2138
14-01-00 20:00;10.639;9.0314;7.9511;7.0266;6.2355
14-01-00 21:00;10.644;9.0437;7.9651;7.0448;6.2574
14-01-00 22:00;10.648;9.0562;7.9787;7.0632;6.2796
14-01-00 23:00;10.652;9.0689;7.9921;7.0814;6.302
15-01-00 00:00;10.656;9.0816;8.0059;7.099;6.3238
15-01-00 01:00;10.66;9.0945;8.0202;7.1174;6.3443
15-01-00 02:00;10.664;9.1076;8.0348;7.1362;6.3642
15-01-00 03:00;10.667;9.1208;8.0495;7.1554;6.3842
15-01-00 04:00;10.671;9.1342;8.0643;7.1748;6.4042
15-01-00 05:00;10.675;9.1477;8.0791;7.1946;6.4243
15-01-00 06:00;10.678;9.1611;8.0937;7.2148;6.4445
15-01-00 07:00;10.681;9.1745;8.108;7.2354;6.465
15-01-00 08:00;10.684;9.1878;8.1221;7.2562;6.4856
15-01-00 09:00;10.687;9.201;8.1359;7.2771;6.5063
15-01-00 10:00;10.69;9.2139;8.1495;7.298;6.527
15-01-00 11:00;10.691;9.2261;8.1626;7.3197;6.5463
15-01-00 12:00;10.692;9.2363;8.1756;7.3414;6.5659
15-01-00 13:00;10.694;9.2455;8.1881;7.3619;6.5857
15-01-00 14:00;10.696;9.2548;8.1998;7.381;6.6049
15-01-00 15:00;10.698;9.2643;8.211;7.3993;6.6235
15-01-00 16:00;10.7;9.274;8.2219;7.4173;6.6408
15-01-00 17:00;10.702;9.2837;8.2327;7.4348;6.6575
15-01-00 18:00;10.704;9.2932;8.2432;7.4518;6.6737
15-01-00 19:00;10.706;9.3026;8.2534;7.4684;6.6894
15-01-00 20:00;10.708;9.3117;8.2633;7.4845;6.7043
15-01-00 21:00;10.71;9.3205;8.2726;7.4999;6.7184
15-01-00 22:00;10.711;9.329;8.2815;7.5145;6.7318
15-01-00 23:00;10.713;9.337;8.2899;7.5283;6.7446
16-01-00 00:00;10.714;9.3447;8.2978;7.5412;6.7567
16-01-00 01:00;10.716;9.3519;8.3052;7.5533;6.7683
16-01-00 02:00;10.717;9.3587;8.312;7.5647;6.7793
16-01-00 03:00;10.718;9.3652;8.3184;7.5753;6.7897
16-01-00 04:00;10.719;9.3713;8.3244;7.5853;6.7996
16-01-00 05:00;10.72;9.377;8.33;7.5946;6.8089
16-01-00 06:00;10.721;9.3824;8.3352;7.6034;6.8177
16-01-00 07:00;10.722;9.3875;8.3401;7.6116;6.8261
16-01-00 08:00;10.723;9.3921;8.3446;7.6192;6.834
16-01-00 09:00;10.724;9.3965;8.3488;7.6264;6.8414
16-01-00 10:00;10.725;9.4005;8.3527;7.633;6.8483
16-01-00 11:00;10.725;9.4042;8.3564;7.6392;6.8549
16-01-00 12:00;10.726;9.4076;8.3598;7.645;6.861
16-01-00 13:00;10.726;9.4107;8.3629;7.6503;6.8667
16-01-00 14:00;10.727;9.4135;8.3658;7.6553;6.8721
16-01-00 15:00;10.727;9.4161;8.3684;7.6599;6.8771
16-01-00 16:00;10.728;9.4184;8.3709;7.6641;6.8819
16-01-00 17:00;10.728;9.4206;8.3731;7.6679;6.8863
16-01-00 18:00;10.728;9.4224;8.3751;7.6713;6.8905
16-01-00 19:00;10.729;9.4241;8.3769;7.6745;6.8945
16-01-00 20:00;10.729;9.4256;8.3786;7.6773;6.8981
16-01-00 21:00;10.729;9.4269;8.3801;7.6799;6.9014
16-01-00 22:00;10.729;9.4281;8.3814;7.6823;6.9045
16-01-00 23:00;10.729;9.4291;8.3826;7.6844;6.9074
17-01-00 00:00;10.729;9.4299;8.3837;7.6863;6.91
17-01-00 01:00;10.729;9.4306;8.3847;7.688;6.9124
17-01-00 02:00;10.729;9.4312;8.3855;7.6896;6.9146
17-01-00 03:00;10.729;9.4316;8.3862;7.6909;6.9166
17-01-00 04:00;10.729;9.432;8.3869;7.6922;6.9184
17-01-00 05:00;10.729;9.4321;8.3874;7.6932;6.92
17-01-00 06:00;10.729;9.4322;8.3878;7.6941;6.9215
17-01-00 07:00;10.729;9.432;8.3882;7.6949;6.9228
17-01-00 08:00;10.729;9.4318;8.3884;7.6955;6.9239
17-01-00 09:00;10.728;9.4313;8.3885;7.6959;6.9249
17-01-00 10:00;10.728;9.4307;8.3888;7.6971;6.9258
17-01-00 11:00;10.728;9.43;8.3893;7.6978;6.9272
17-01-00 12:00;10.727;9.4292;8.3894;7.6984;6.9282
17-01-00 13:00;10.727;9.4282;8.3893;7.6986;6.929
17-01-00 14:00;10.726;9.427;8.389;7.6986;6.9296
17-01-00 15:00;10.726;9.4256;8.3886;7.6983;6.9299
17-01-00 16:00;10.725;9.424;8.3906;7.7054;6.9308
17-01-00 17:00;10.724;9.4232;8.397;7.7133;6.9384
17-01-00 18:00;10.724;9.4228;8.4006;7.7197;6.9449
17-01-00 19:00;10.723;9.4223;8.403;7.7246;6.9506
17-01-00 20:00;10.722;9.4214;8.4047;7.7282;6.9553
17-01-00 21:00;10.721;9.4201;8.4058;7.7309;6.959
17-01-00 22:00;10.72;9.4184;8.4065;7.7328;6.962
17-01-00 23:00;10.719;9.4163;8.4066;7.7339;6.9641
18-01-00 00:00;10.718;9.4138;8.4064;7.7344;6.9657
18-01-00 01:00;10.717;9.4109;8.4057;7.7342;6.9665
18-01-00 02:00;10.715;9.4077;8.4046;7.7334;6.9667
18-01-00 03:00;10.714;9.4041;8.4032;7.7321;6.9664
18-01-00 04:00;10.713;9.4003;8.4014;7.7303;6.9655
18-01-00 05:00;10.711;9.3962;8.3994;7.728;6.9641
18-01-00 06:00;10.71;9.3918;8.397;7.7252;6.9623
18-01-00 07:00;10.708;9.387;8.3944;7.722;6.9599
18-01-00 08:00;10.707;9.382;8.3915;7.7184;6.9571
18-01-00 09:00;10.705;9.3766;8.3882;7.7143;6.9539
18-01-00 10:00;10.703;9.3709;8.3847;7.7098;6.9503
18-01-00 11:00;10.701;9.365;8.381;7.7048;6.9462
18-01-00 12:00;10.699;9.3589;8.377;7.6995;6.9418
18-01-00 13:00;10.697;9.3525;8.3727;7.6937;6.9369
18-01-00 14:00;10.695;9.3459;8.3682;7.6876;6.9317
18-01-00 15:00;10.693;9.3392;8.3635;7.681;6.9261
18-01-00 16:00;10.691;9.3322;8.3586;7.6741;6.9201
18-01-00 17:00;10.689;9.3251;8.3534;7.6668;6.9139
18-01-00 18:00;10.686;9.3178;8.3481;7.6593;6.9073
18-01-00 19:00;10.684;9.3102;8.3426;7.6514;6.9005
18-01-00 20:00;10.682;9.3026;8.3369;7.6433;6.8934
18-01-00 21:00;10.68;9.2948;8.331;7.6348;6.8861
18-01-00 22:00;10.677;9.287;8.3249;7.6261;6.8785
18-01-00 23:00;10.675;9.279;8.3187;7.617;6.8708
19-01-00 00:00;10.672;9.271;8.3123;7.6077;6.8628
19-01-00 01:00;10.67;9.2628;8.3058;7.5981;6.8547
19-01-00 02:00;10.667;9.2546;8.299;7.5883;6.8465
19-01-00 03:00;10.665;9.2462;8.2921;7.5782;6.838
19-01-00 04:00;10.662;9.2378;8.285;7.5679;6.8294
19-01-00 05:00;10.66;9.2293;8.2778;7.5573;6.8207
19-01-00 06:00;10.657;9.2207;8.2704;7.5465;6.8118
19-01-00 07:00;10.654;9.212;8.2629;7.5355;6.8028
19-01-00 08:00;10.652;9.2032;8.2552;7.5243;6.7937
19-01-00 09:00;10.649;9.1942;8.2475;7.513;6.7845
19-01-00 10:00;10.646;9.1851;8.2398;7.5019;6.7753
19-01-00 11:00;10.643;9.1758;8.2321;7.4908;6.7663
19-01-00 12:00;10.64;9.1665;8.2242;7.4795;6.7572
19-01-00 13:00;10.637;9.1572;8.2161;7.4678;6.748
19-01-00 14:00;10.634;9.148;8.2078;7.4557;6.7386
19-01-00 15:00;10.63;9.1388;8.1993;7.4433;6.7289
19-01-00 16:00;10.627;9.1295;8.1905;7.4308;6.7189
19-01-00 17:00;10.624;9.1203;8.1817;7.4185;6.7085
19-01-00 18:00;10.62;9.1111;8.1728;7.4059;6.698
19-01-00 19:00;10.617;9.1019;8.1637;7.3932;6.6873
19-01-00 20:00;10.614;9.0929;8.1545;7.3803;6.6765
19-01-00 21:00;10.61;9.084;8.1452;7.3674;6.6655
19-01-00 22:00;10.607;9.0751;8.1358;7.3546;6.6541
19-01-00 23:00;10.603;9.0663;8.1264;7.3419;6.6426
20-01-00 00:00;10.6;9.0575;8.1169;7.3292;6.6311
20-01-00 01:00;10.596;9.0488;8.1075;7.3163;6.6194
20-01-00 02:00;10.593;9.0401;8.0981;7.3029;6.6075
20-01-00 03:00;10.589;9.0314;8.089;7.2895;6.5949
20-01-00 04:00;10.586;9.0228;8.0801;7.2761;6.582
20-01-00 05:00;10.582;9.0144;8.0712;7.2631;6.5689
20-01-00 06:00;10.579;9.006;8.0622;7.2503;6.5558
20-01-00 07:00;10.575;8.9977;8.0532;7.2376;6.5429
20-01-00 08:00;10.572;8.9894;8.0442;7.2249;6.5299
20-01-00 09:00;10.568;8.9813;8.0352;7.2122;6.517
20-01-00 10:00;10.565;8.9732;8.0261;7.1996;6.5041
20-01-00 11:00;10.561;8.9653;8.017;7.1871;6.4913
20-01-00 12:00;10.558;8.9574;8.0079;7.1746;6.4786
20-01-00 13:00;10.554;8.9497;7.9988;7.1621;6.466
20-01-00 14:00;10.551;8.9422;7.9896;7.1499;6.4534
20-01-00 15:00;10.548;8.9348;7.9805;7.1377;6.441
20-01-00 16:00;10.545;8.9276;7.9714;7.1256;6.4286
20-01-00 17:00;10.542;8.9207;7.9624;7.1138;6.4164
20-01-00 18:00;10.538;8.9138;7.9534;7.1021;6.4043
20-01-00 19:00;10.535;8.9072;7.9446;7.0907;6.3924
20-01-00 20:00;10.532;8.9007;7.9358;7.0796;6.3806
20-01-00 21:00;10.53;8.8943;7.9271;7.0687;6.369
20-01-00 22:00;10.527;8.888;7.9185;7.058;6.3575
20-01-00 23:00;10.524;8.8818;7.91;7.0476;6.3462
21-01-00 00:00;10.521;8.8756;7.9016;7.0375;6.335
21-01-00 01:00;10.519;8.8695;7.8933;7.0276;6.3241
21-01-00 02:00;10.516;8.8636;7.8851;7.0179;6.3132
21-01-00 03:00;10.513;8.8578;7.8769;7.0085;6.3026
21-01-00 04:00;10.511;8.8521;7.8688;6.9992;6.2922
21-01-00 05:00;10.509;8.8466;7.8609;6.9902;6.2819
21-01-00 06:00;10.506;8.8411;7.853;6.9813;6.2718
21-01-00 07:00;10.504;8.8358;7.8452;6.9726;6.2618
21-01-00 08:00;10.501;8.8307;7.8375;6.9641;6.2521
21-01-00 09:00;10.499;8.8257;7.83;6.9557;6.2424
21-01-00 10:00;10.497;8.8209;7.8226;6.9476;6.2329
21-01-00 11:00;10.494;8.8163;7.8154;6.9396;6.2236
21-01-00 12:00;10.492;8.8117;7.8084;6.9317;6.2145
21-01-00 13:00;10.49;8.8071;7.8015;6.924;6.2054
21-01-00 14:00;10.487;8.8026;7.7946;6.9165;6.1966
21-01-00 15:00;10.485;8.7981;7.7878;6.9091;6.1878
21-01-00 16:00;10.482;8.7936;7.7811;6.9017;6.1792
21-01-00 17:00;10.479;8.7891;7.7745;6.8945;6.1706
21-01-00 18:00;10.477;8.7846;7.7678;6.8873;6.1621
21-01-00 19:00;10.474;8.7801;7.7612;6.8801;6.1537
21-01-00 20:00;10.471;8.7755;7.7545;6.873;6.1453
21-01-00 21:00;10.469;8.771;7.7478;6.8658;6.137
21-01-00 22:00;10.466;8.7663;7.7411;6.8586;6.1287
21-01-00 23:00;10.463;8.7617;7.7343;6.8514;6.1206
22-01-00 00:00;10.46;8.757;7.7275;6.8441;6.1124
22-01-00 01:00;10.457;8.7523;7.7205;6.8368;6.1043
22-01-00 02:00;10.453;8.7475;7.7134;6.8296;6.0962
22-01-00 03:00;10.45;8.7426;7.7062;6.8224;6.0882
22-01-00 04:00;10.447;8.7376;7.6988;6.8151;6.0802
22-01-00 05:00;10.443;8.7325;7.6912;6.8078;6.0723
22-01-00 06:00;10.439;8.7274;7.6836;6.8003;6.0643
22-01-00 07:00;10.436;8.7221;7.6758;6.7928;6.0563
22-01-00 08:00;10.432;8.7168;7.6678;6.7852;6.0483
22-01-00 09:00;10.428;8.7113;7.6598;6.7775;6.0403
22-01-00 10:00;10.424;8.7058;7.6516;6.7697;6.0322
22-01-00 11:00;10.42;8.7001;7.6432;6.7617;6.0242
22-01-00 12:00;10.415;8.6944;7.6347;6.7537;6.0161
22-01-00 13:00;10.411;8.6886;7.6261;6.7455;6.008
22-01-00 14:00;10.406;8.6826;7.6173;6.7373;5.9998
22-01-00 15:00;10.402;8.6766;7.6084;6.7289;5.9916
22-01-00 16:00;10.397;8.6704;7.5994;6.7204;5.9834
22-01-00 17:00;10.392;8.6642;7.5903;6.7118;5.9752
22-01-00 18:00;10.387;8.6578;7.5811;6.7031;5.9669
22-01-00 19:00;10.382;8.6513;7.5718;6.6943;5.9586
22-01-00 20:00;10.377;8.6447;7.5625;6.6852;5.9501
22-01-00 21:00;10.371;8.6381;7.5532;6.676;5.9415
22-01-00 22:00;10.366;8.6315;7.5439;6.6666;5.9329
22-01-00 23:00;10.36;8.6248;7.5345;6.6572;5.9243
23-01-00 00:00;10.355;8.618;7.525;6.6477;5.9157
23-01-00 01:00;10.349;8.6112;7.5156;6.6381;5.9072
23-01-00 02:00;10.343;8.6044;7.5061;6.6285;5.8987
23-01-00 03:00;10.337;8.5975;7.4966;6.6189;5.8902
23-01-00 04:00;10.331;8.5906;7.4871;6.6092;5.8817
23-01-00 05:00;10.326;8.5837;7.4776;6.5995;5.8734
23-01-00 06:00;10.32;8.5769;7.4681;6.5898;5.865
23-01-00 07:00;10.313;8.5701;7.4587;6.58;5.8568
23-01-00 08:00;10.307;8.5633;7.4494;6.5704;5.8486
23-01-00 09:00;10.301;8.5566;7.4401;6.5607;5.8405
23-01-00 10:00;10.295;8.5499;7.431;6.5512;5.8325
23-01-00 11:00;10.289;8.5433;7.4219;6.5417;5.8246
23-01-00 12:00;10.283;8.5368;7.4131;6.5324;5.8168
23-01-00 13:00;10.277;8.5303;7.4044;6.5232;5.8091
23-01-00 14:00;10.27;8.524;7.3959;6.5141;5.8016
23-01-00 15:00;10.264;8.5178;7.3876;6.5053;5.7942
23-01-00 16:00;10.258;8.5117;7.3795;6.4966;5.7869
23-01-00 17:00;10.251;8.5056;7.3716;6.4882;5.7797
23-01-00 18:00;10.244;8.4996;7.3638;6.4799;5.7727
23-01-00 19:00;10.237;8.4936;7.3562;6.4718;5.7658
23-01-00 20:00;10.23;8.4876;7.3487;6.4639;5.759
23-01-00 21:00;10.223;8.4817;7.3414;6.4561;5.7524
23-01-00 22:00;10.216;8.4758;7.3341;6.4485;5.7459
23-01-00 23:00;10.209;8.47;7.327;6.441;5.7395
24-01-00 00:00;10.202;8.4643;7.3201;6.4337;5.7332
24-01-00 01:00;10.194;8.4587;7.3133;6.4266;5.7269
24-01-00 02:00;10.187;8.4532;7.3067;6.4197;5.7207
24-01-00 03:00;10.179;8.4479;7.3002;6.413;5.7145
24-01-00 04:00;10.172;8.4426;7.2939;6.4064;5.7085
24-01-00 05:00;10.164;8.4375;7.2878;6.4001;5.7027
24-01-00 06:00;10.156;8.4326;7.2818;6.3939;5.697
24-01-00 07:00;10.148;8.4278;7.276;6.3878;5.6914
24-01-00 08:00;10.139;8.4231;7.2703;6.3819;5.686
24-01-00 09:00;10.131;8.4184;7.2649;6.3762;5.6808
24-01-00 10:00;10.122;8.4138;7.2595;6.3705;5.6757
24-01-00 11:00;10.113;8.4091;7.2543;6.365;5.6707
24-01-00 12:00;10.104;8.4044;7.2492;6.3596;5.6659
24-01-00 13:00;10.094;8.3998;7.2442;6.3543;5.6611
24-01-00 14:00;10.085;8.395;7.2392;6.349;5.6565
24-01-00 15:00;10.075;8.3903;7.2343;6.3439;5.6519
24-01-00 16:00;10.065;8.3854;7.2293;6.3388;5.6475
24-01-00 17:00;10.054;8.3803;7.2244;6.3338;5.6431
24-01-00 18:00;10.044;8.3751;7.2194;6.3288;5.6388
24-01-00 19:00;10.033;8.3697;7.2144;6.3238;5.6345
24-01-00 20:00;10.022;8.3641;7.2093;6.3188;5.6303
24-01-00 21:00;10.011;8.3585;7.2042;6.3138;5.6261
24-01-00 22:00;10;8.3527;7.1989;6.3087;5.6219
24-01-00 23:00;9.9888;8.3468;7.1937;6.3036;5.6178
25-01-00 00:00;9.9772;8.3408;7.1884;6.2985;5.6136
25-01-00 01:00;9.9654;8.3347;7.183;6.2934;5.6095
25-01-00 02:00;9.9533;8.3284;7.1776;6.2882;5.6054
25-01-00 03:00;9.9409;8.322;7.1721;6.2831;5.6013
25-01-00 04:00;9.9282;8.3155;7.1666;6.2779;5.5972
25-01-00 05:00;9.9152;8.3088;7.1611;6.2727;5.5931
25-01-00 06:00;9.902;8.302;7.1555;6.2674;5.5889
25-01-00 07:00;9.8886;8.2951;7.1499;6.2622;5.5848
25-01-00 08:00;9.8749;8.288;7.1442;6.2569;5.5805
25-01-00 09:00;9.8611;8.2808;7.1385;6.2515;5.5763
25-01-00 10:00;9.8476;8.2734;7.1327;6.2462;5.5721
25-01-00 11:00;9.8341;8.266;7.1269;6.2409;5.5678
25-01-00 12:00;9.8207;8.2585;7.1211;6.2355;5.5636
25-01-00 13:00;9.8073;8.251;7.1153;6.2302;5.5593
25-01-00 14:00;9.7939;8.2435;7.1095;6.2249;5.5551
25-01-00 15:00;9.7804;8.2359;7.1037;6.2196;5.5509
25-01-00 16:00;9.7668;8.2283;7.098;6.2143;5.5467
25-01-00 17:00;9.7532;8.2207;7.0923;6.2092;5.5425
25-01-00 18:00;9.7395;8.2131;7.0867;6.204;5.5384
25-01-00 19:00;9.7256;8.2054;7.0811;6.199;5.5343
25-01-00 20:00;9.7115;8.1976;7.0755;6.194;5.5302
25-01-00 21:00;9.6971;8.1898;7.07;6.1891;5.5262
25-01-00 22:00;9.6826;8.182;7.0646;6.1842;5.5222
25-01-00 23:00;9.6678;8.174;7.0592;6.1794;5.5183
26-01-00 00:00;9.6528;8.166;7.0538;6.1747;5.5144
26-01-00 01:00;9.6376;8.1574;7.0485;6.17;5.5105
26-01-00 02:00;9.6226;8.1484;7.043;6.1653;5.5066
26-01-00 03:00;9.6074;8.1391;7.0375;6.1606;5.5028
26-01-00 04:00;9.5923;8.1294;7.0318;6.1559;5.4989
26-01-00 05:00;9.5771;8.1196;7.0259;6.1512;5.4949
26-01-00 06:00;9.5618;8.1095;7.0199;6.1464;5.4909
26-01-00 07:00;9.5466;8.0993;7.0137;6.1415;5.4869
26-01-00 08:00;9.5314;8.0888;7.0074;6.1366;5.4827
26-01-00 09:00;9.5162;8.0783;7.0011;6.1315;5.4785
26-01-00 10:00;9.501;8.0676;6.9946;6.1265;5.4742
26-01-00 11:00;9.4858;8.0568;6.988;6.1214;5.4699
26-01-00 12:00;9.4708;8.046;6.9814;6.1162;5.4655
26-01-00 13:00;9.4557;8.0351;6.9747;6.111;5.461
26-01-00 14:00;9.4407;8.0242;6.9679;6.1058;5.4565
26-01-00 15:00;9.4257;8.0132;6.9611;6.1006;5.452
26-01-00 16:00;9.4106;8.0023;6.9543;6.0953;5.4473
26-01-00 17:00;9.3956;7.9914;6.9474;6.0901;5.4427
26-01-00 18:00;9.3805;7.9804;6.9405;6.0848;5.4379
26-01-00 19:00;9.3654;7.9694;6.9336;6.0795;5.4332
26-01-00 20:00;9.3503;7.9583;6.9267;6.0742;5.4283
26-01-00 21:00;9.335;7.9473;6.9197;6.0689;5.4235
26-01-00 22:00;9.3197;7.9362;6.9127;6.0636;5.4186
26-01-00 23:00;9.3045;7.925;6.9057;6.0582;5.4136
27-01-00 00:00;9.2892;7.9139;6.8986;6.0528;5.4086
27-01-00 01:00;9.274;7.9028;6.8916;6.0474;5.4035
27-01-00 02:00;9.2588;7.8917;6.8845;6.042;5.3984
27-01-00 03:00;9.2437;7.8806;6.8773;6.0365;5.3932
27-01-00 04:00;9.2287;7.8695;6.8702;6.0311;5.388
27-01-00 05:00;9.2137;7.8584;6.863;6.0256;5.3827
27-01-00 06:00;9.1988;7.8473;6.8558;6.0202;5.3774
27-01-00 07:00;9.1839;7.8361;6.8486;6.0147;5.372
27-01-00 08:00;9.1691;7.825;6.8414;6.0092;5.3666
27-01-00 09:00;9.1544;7.8139;6.8342;6.0037;5.3611
27-01-00 10:00;9.1397;7.8029;6.8269;5.9982;5.3556
27-01-00 11:00;9.1249;7.7918;6.8197;5.9927;5.35
27-01-00 12:00;9.1102;7.7808;6.8124;5.9871;5.3444
27-01-00 13:00;9.0956;7.7699;6.8051;5.9816;5.3388
27-01-00 14:00;9.081;7.759;6.7976;5.976;5.333
27-01-00 15:00;9.0666;7.7483;6.7902;5.9703;5.3273
27-01-00 16:00;9.0522;7.7376;6.7827;5.9646;5.3215
27-01-00 17:00;9.0377;7.7271;6.7752;5.9589;5.3157
27-01-00 18:00;9.0234;7.7167;6.7678;5.9533;5.3098
27-01-00 19:00;9.009;7.7064;6.7604;5.9476;5.3039
27-01-00 20:00;8.9947;7.6961;6.753;5.942;5.2978
27-01-00 21:00;8.9804;7.6859;6.7456;5.9363;5.2917
27-01-00 22:00;8.9662;7.6756;6.7382;5.9307;5.2856
27-01-00 23:00;8.952;7.6655;6.7309;5.925;5.2794
28-01-00 00:00;8.9379;7.6554;6.7236;5.9193;5.2731
28-01-00 01:00;8.9239;7.6453;6.7162;5.9135;5.2668
28-01-00 02:00;8.9099;7.6352;6.7089;5.9078;5.2604
28-01-00 03:00;8.8961;7.6252;6.7015;5.902;5.2539
28-01-00 04:00;8.8823;7.6152;6.6941;5.8961;5.2473
28-01-00 05:00;8.8686;7.6052;6.6868;5.8903;5.2407
28-01-00 06:00;8.855;7.5951;6.6796;5.8844;5.234
28-01-00 07:00;8.8416;7.585;6.6723;5.8786;5.2272
28-01-00 08:00;8.8283;7.5749;6.665;5.8728;5.2204
28-01-00 09:00;8.8151;7.5648;6.6577;5.8669;5.2134
28-01-00 10:00;8.802;7.5548;6.6504;5.8611;5.2064
28-01-00 11:00;8.789;7.5448;6.6431;5.8552;5.1993
28-01-00 12:00;8.7761;7.5348;6.6357;5.8492;5.1921
28-01-00 13:00;8.7634;7.5249;6.6283;5.8433;5.1849
28-01-00 14:00;8.7507;7.515;6.6209;5.8372;5.1775
28-01-00 15:00;8.7382;7.5052;6.6134;5.8311;5.17
28-01-00 16:00;8.7257;7.4954;6.6059;5.825;5.1624
28-01-00 17:00;8.7133;7.4856;6.5983;5.8188;5.1548
28-01-00 18:00;8.7011;7.4759;6.5907;5.8126;5.147
28-01-00 19:00;8.6889;7.4662;6.583;5.8063;5.1391
28-01-00 20:00;8.6768;7.4566;6.5753;5.7999;5.131
28-01-00 21:00;8.6648;7.447;6.5676;5.7935;5.1229
28-01-00 22:00;8.6528;7.4374;6.5596;5.7871;5.1147
28-01-00 23:00;8.641;7.4278;6.5516;5.7807;5.1063
29-01-00 00:00;8.6293;7.418;6.5433;5.7742;5.0979
29-01-00 01:00;8.6177;7.4082;6.5349;5.7676;5.0894
29-01-00 02:00;8.6063;7.3983;6.5264;5.761;5.0809
29-01-00 03:00;8.595;7.3883;6.5176;5.7544;5.0723
29-01-00 04:00;8.5837;7.3783;6.5087;5.7478;5.0636
29-01-00 05:00;8.5726;7.3682;6.4995;5.7411;5.055
29-01-00 06:00;8.5614;7.358;6.4901;5.7344;5.0465
29-01-00 07:00;8.5503;7.3478;6.4805;5.7276;5.038
29-01-00 08:00;8.5393;7.3375;6.4706;5.7207;5.0295
29-01-00 09:00;8.5283;7.3271;6.4605;5.7139;5.0211
29-01-00 10:00;8.5172;7.3166;6.4503;5.707;5.0128
29-01-00 11:00;8.5062;7.306;6.4401;5.6998;5.0044
29-01-00 12:00;8.4952;7.2954;6.4298;5.6923;4.996
29-01-00 13:00;8.4842;7.2848;6.4195;5.6847;4.9876
29-01-00 14:00;8.4733;7.2741;6.409;5.6765;4.9791
29-01-00 15:00;8.4623;7.2634;6.3986;5.6679;4.9704
29-01-00 16:00;8.4513;7.2526;6.3882;5.6591;4.9617
29-01-00 17:00;8.4404;7.2419;6.3779;5.6502;4.9528
29-01-00 18:00;8.4294;7.2312;6.3677;5.6411;4.9439
29-01-00 19:00;8.4185;7.2204;6.3576;5.6319;4.9348
29-01-00 20:00;8.4075;7.2097;6.3475;5.6226;4.9258
29-01-00 21:00;8.3966;7.1991;6.3374;5.6132;4.9168
29-01-00 22:00;8.3857;7.1884;6.3273;5.6038;4.9079
29-01-00 23:00;8.3748;7.1777;6.3172;5.5944;4.899
30-01-00 00:00;8.3639;7.1671;6.3071;5.5849;4.8901
30-01-00 01:00;8.353;7.1564;6.2969;5.5753;4.8812
30-01-00 02:00;8.3422;7.1458;6.2868;5.5658;4.8724
30-01-00 03:00;8.3314;7.1352;6.2767;5.5562;4.8635
30-01-00 04:00;8.3207;7.1247;6.2666;5.5466;4.8546
30-01-00 05:00;8.3101;7.1142;6.2565;5.5371;4.8457
30-01-00 06:00;8.2997;7.1037;6.2464;5.5275;4.8368
30-01-00 07:00;8.2895;7.0933;6.2363;5.5179;4.8279
30-01-00 08:00;8.2794;7.083;6.2263;5.5083;4.8191
30-01-00 09:00;8.2695;7.0727;6.2163;5.4988;4.8102
30-01-00 10:00;8.2598;7.0626;6.2063;5.4892;4.8013
30-01-00 11:00;8.2503;7.0526;6.1964;5.4796;4.7925
30-01-00 12:00;8.2409;7.0426;6.1866;5.4701;4.7838
30-01-00 13:00;8.2318;7.0328;6.1768;5.4606;4.7751
30-01-00 14:00;8.2228;7.0232;6.1671;5.4512;4.7664
30-01-00 15:00;8.2139;7.0137;6.1575;5.4418;4.7578
30-01-00 16:00;8.2053;7.0044;6.148;5.4325;4.7492
30-01-00 17:00;8.1968;6.9952;6.1386;5.4232;4.7407
30-01-00 18:00;8.1884;6.9861;6.1293;5.414;4.7322
30-01-00 19:00;8.1802;6.9772;6.1201;5.4049;4.7237
30-01-00 20:00;8.1722;6.9684;6.111;5.3958;4.7152
30-01-00 21:00;8.1644;6.9597;6.102;5.3868;4.7068
30-01-00 22:00;8.1566;6.9511;6.093;5.3778;4.6987
30-01-00 23:00;8.1491;6.9427;6.0842;5.369;4.6906
31-01-00 00:00;8.1417;6.9343;6.0755;5.3602;4.6827
;10.729;;;;
;This number is consistent with the 1250 water levels obtained from the rating curve corresponding to the 12500 discharge. Therefore we will only use that one.;;;;
